DateTime,Generation
01Dec2021 0:00:00,0
01Dec2021 1:00:00,0
01Dec2021 2:00:00,0
01Dec2021 3:00:00,0
01Dec2021 4:00:00,0
01Dec2021 5:00:00,0
01Dec2021 6:00:00,0
01Dec2021 7:00:00,0
01Dec2021 8:00:00,0
01Dec2021 9:00:00,0
01Dec2021 10:00:00,0
01Dec2021 11:00:00,0
01Dec2021 12:00:00,0
01Dec2021 13:00:00,0
01Dec2021 14:00:00,0
01Dec2021 15:00:00,0
01Dec2021 16:00:00,0
01Dec2021 17:00:00,0
01Dec2021 18:00:00,0
01Dec2021 19:00:00,0
01Dec2021 20:00:00,0
01Dec2021 21:00:00,0
01Dec2021 22:00:00,0
01Dec2021 23:00:00,0
02Dec2021 0:00:00,0
02Dec2021 1:00:00,0
02Dec2021 2:00:00,0
02Dec2021 3:00:00,0
02Dec2021 4:00:00,0
02Dec2021 5:00:00,0
02Dec2021 6:00:00,0
02Dec2021 7:00:00,0
02Dec2021 8:00:00,0
02Dec2021 9:00:00,0
02Dec2021 10:00:00,0
02Dec2021 11:00:00,0
02Dec2021 12:00:00,0
02Dec2021 13:00:00,0
02Dec2021 14:00:00,0
02Dec2021 15:00:00,0
02Dec2021 16:00:00,0
02Dec2021 17:00:00,0
02Dec2021 18:00:00,0
02Dec2021 19:00:00,0
02Dec2021 20:00:00,0
02Dec2021 21:00:00,0
02Dec2021 22:00:00,0
02Dec2021 23:00:00,0
03Dec2021 0:00:00,0
03Dec2021 1:00:00,0
03Dec2021 2:00:00,0
03Dec2021 3:00:00,0
03Dec2021 4:00:00,0
03Dec2021 5:00:00,0
03Dec2021 6:00:00,0
03Dec2021 7:00:00,0
03Dec2021 8:00:00,0
03Dec2021 9:00:00,0
03Dec2021 10:00:00,0
03Dec2021 11:00:00,0
03Dec2021 12:00:00,0
03Dec2021 13:00:00,0
03Dec2021 14:00:00,0
03Dec2021 15:00:00,0
03Dec2021 16:00:00,0
03Dec2021 17:00:00,0
03Dec2021 18:00:00,0
03Dec2021 19:00:00,0
03Dec2021 20:00:00,0
03Dec2021 21:00:00,0
03Dec2021 22:00:00,0
03Dec2021 23:00:00,0
04Dec2021 0:00:00,0
04Dec2021 1:00:00,0
04Dec2021 2:00:00,0
04Dec2021 3:00:00,0
04Dec2021 4:00:00,0
04Dec2021 5:00:00,0
04Dec2021 6:00:00,0
04Dec2021 7:00:00,0
04Dec2021 8:00:00,0
04Dec2021 9:00:00,0
04Dec2021 10:00:00,0
04Dec2021 11:00:00,0
04Dec2021 12:00:00,0
04Dec2021 13:00:00,0
04Dec2021 14:00:00,0
04Dec2021 15:00:00,0
04Dec2021 16:00:00,0
04Dec2021 17:00:00,0
04Dec2021 18:00:00,0
04Dec2021 19:00:00,0
04Dec2021 20:00:00,0
04Dec2021 21:00:00,0
04Dec2021 22:00:00,0
04Dec2021 23:00:00,0
05Dec2021 0:00:00,0
05Dec2021 1:00:00,0
05Dec2021 2:00:00,0
05Dec2021 3:00:00,0
05Dec2021 4:00:00,0
05Dec2021 5:00:00,0
05Dec2021 6:00:00,0
05Dec2021 7:00:00,0
05Dec2021 8:00:00,0
05Dec2021 9:00:00,0
05Dec2021 10:00:00,0
05Dec2021 11:00:00,0
05Dec2021 12:00:00,0
05Dec2021 13:00:00,0
05Dec2021 14:00:00,0
05Dec2021 15:00:00,0
05Dec2021 16:00:00,0
05Dec2021 17:00:00,0
05Dec2021 18:00:00,0
05Dec2021 19:00:00,0
05Dec2021 20:00:00,0
05Dec2021 21:00:00,0
05Dec2021 22:00:00,0
05Dec2021 23:00:00,0
06Dec2021 0:00:00,0
06Dec2021 1:00:00,0
06Dec2021 2:00:00,0
06Dec2021 3:00:00,0
06Dec2021 4:00:00,0
06Dec2021 5:00:00,0
06Dec2021 6:00:00,0
06Dec2021 7:00:00,0
06Dec2021 8:00:00,0
06Dec2021 9:00:00,0
06Dec2021 10:00:00,0
06Dec2021 11:00:00,0
06Dec2021 12:00:00,0
06Dec2021 13:00:00,0
06Dec2021 14:00:00,0
06Dec2021 15:00:00,0
06Dec2021 16:00:00,0
06Dec2021 17:00:00,0
06Dec2021 18:00:00,0
06Dec2021 19:00:00,0
06Dec2021 20:00:00,0
06Dec2021 21:00:00,0
06Dec2021 22:00:00,0
06Dec2021 23:00:00,0
07Dec2021 0:00:00,0
07Dec2021 1:00:00,0
07Dec2021 2:00:00,0
07Dec2021 3:00:00,0
07Dec2021 4:00:00,0
07Dec2021 5:00:00,0
07Dec2021 6:00:00,0
07Dec2021 7:00:00,0
07Dec2021 8:00:00,0
07Dec2021 9:00:00,0
07Dec2021 10:00:00,0
07Dec2021 11:00:00,0
07Dec2021 12:00:00,0
07Dec2021 13:00:00,0
07Dec2021 14:00:00,0
07Dec2021 15:00:00,0
07Dec2021 16:00:00,0
07Dec2021 17:00:00,0
07Dec2021 18:00:00,0
07Dec2021 19:00:00,0
07Dec2021 20:00:00,0
07Dec2021 21:00:00,0
07Dec2021 22:00:00,0
07Dec2021 23:00:00,0
08Dec2021 0:00:00,0
08Dec2021 1:00:00,0
08Dec2021 2:00:00,0
08Dec2021 3:00:00,0
08Dec2021 4:00:00,0
08Dec2021 5:00:00,0
08Dec2021 6:00:00,0
08Dec2021 7:00:00,0
08Dec2021 8:00:00,0
08Dec2021 9:00:00,0
08Dec2021 10:00:00,0
08Dec2021 11:00:00,0
08Dec2021 12:00:00,0
08Dec2021 13:00:00,0
08Dec2021 14:00:00,0
08Dec2021 15:00:00,0
08Dec2021 16:00:00,0
08Dec2021 17:00:00,0
08Dec2021 18:00:00,0
08Dec2021 19:00:00,0
08Dec2021 20:00:00,0
08Dec2021 21:00:00,0
08Dec2021 22:00:00,0
08Dec2021 23:00:00,0
09Dec2021 0:00:00,0
09Dec2021 1:00:00,0
09Dec2021 2:00:00,0
09Dec2021 3:00:00,0
09Dec2021 4:00:00,0
09Dec2021 5:00:00,0
09Dec2021 6:00:00,0
09Dec2021 7:00:00,0
09Dec2021 8:00:00,0
09Dec2021 9:00:00,0
09Dec2021 10:00:00,0
09Dec2021 11:00:00,0
09Dec2021 12:00:00,0
09Dec2021 13:00:00,0
09Dec2021 14:00:00,0
09Dec2021 15:00:00,0
09Dec2021 16:00:00,0
09Dec2021 17:00:00,0
09Dec2021 18:00:00,0
09Dec2021 19:00:00,0
09Dec2021 20:00:00,0
09Dec2021 21:00:00,0
09Dec2021 22:00:00,0
09Dec2021 23:00:00,0
10Dec2021 0:00:00,0
10Dec2021 1:00:00,0
10Dec2021 2:00:00,0
10Dec2021 3:00:00,0
10Dec2021 4:00:00,0
10Dec2021 5:00:00,0
10Dec2021 6:00:00,0
10Dec2021 7:00:00,0
10Dec2021 8:00:00,0
10Dec2021 9:00:00,0
10Dec2021 10:00:00,0
10Dec2021 11:00:00,0
10Dec2021 12:00:00,0
10Dec2021 13:00:00,0
10Dec2021 14:00:00,0
10Dec2021 15:00:00,0
10Dec2021 16:00:00,0
10Dec2021 17:00:00,0
10Dec2021 18:00:00,0
10Dec2021 19:00:00,0
10Dec2021 20:00:00,0
10Dec2021 21:00:00,0
10Dec2021 22:00:00,0
10Dec2021 23:00:00,0
11Dec2021 0:00:00,0
11Dec2021 1:00:00,0
11Dec2021 2:00:00,0
11Dec2021 3:00:00,0
11Dec2021 4:00:00,0
11Dec2021 5:00:00,0
11Dec2021 6:00:00,0
11Dec2021 7:00:00,0
11Dec2021 8:00:00,0
11Dec2021 9:00:00,0
11Dec2021 10:00:00,0
11Dec2021 11:00:00,0
11Dec2021 12:00:00,0
11Dec2021 13:00:00,0
11Dec2021 14:00:00,0
11Dec2021 15:00:00,0
11Dec2021 16:00:00,0
11Dec2021 17:00:00,0
11Dec2021 18:00:00,0
11Dec2021 19:00:00,0
11Dec2021 20:00:00,0
11Dec2021 21:00:00,0
11Dec2021 22:00:00,0
11Dec2021 23:00:00,0
12Dec2021 0:00:00,0
12Dec2021 1:00:00,0
12Dec2021 2:00:00,0
12Dec2021 3:00:00,0
12Dec2021 4:00:00,0
12Dec2021 5:00:00,0
12Dec2021 6:00:00,0
12Dec2021 7:00:00,0
12Dec2021 8:00:00,0
12Dec2021 9:00:00,0
12Dec2021 10:00:00,0
12Dec2021 11:00:00,0
12Dec2021 12:00:00,0
12Dec2021 13:00:00,0
12Dec2021 14:00:00,0
12Dec2021 15:00:00,0
12Dec2021 16:00:00,0
12Dec2021 17:00:00,0
12Dec2021 18:00:00,0
12Dec2021 19:00:00,0
12Dec2021 20:00:00,0
12Dec2021 21:00:00,0
12Dec2021 22:00:00,0
12Dec2021 23:00:00,0
13Dec2021 0:00:00,0
13Dec2021 1:00:00,0
13Dec2021 2:00:00,0
13Dec2021 3:00:00,0
13Dec2021 4:00:00,0
13Dec2021 5:00:00,0
13Dec2021 6:00:00,0
13Dec2021 7:00:00,0
13Dec2021 8:00:00,0
13Dec2021 9:00:00,0
13Dec2021 10:00:00,0
13Dec2021 11:00:00,0
13Dec2021 12:00:00,0
13Dec2021 13:00:00,0
13Dec2021 14:00:00,0
13Dec2021 15:00:00,0
13Dec2021 16:00:00,0
13Dec2021 17:00:00,0
13Dec2021 18:00:00,0
13Dec2021 19:00:00,0
13Dec2021 20:00:00,0
13Dec2021 21:00:00,0
13Dec2021 22:00:00,0
13Dec2021 23:00:00,0
14Dec2021 0:00:00,0
14Dec2021 1:00:00,0
14Dec2021 2:00:00,0
14Dec2021 3:00:00,0
14Dec2021 4:00:00,0
14Dec2021 5:00:00,0
14Dec2021 6:00:00,0
14Dec2021 7:00:00,0
14Dec2021 8:00:00,0
14Dec2021 9:00:00,0
14Dec2021 10:00:00,0
14Dec2021 11:00:00,0
14Dec2021 12:00:00,0
14Dec2021 13:00:00,0
14Dec2021 14:00:00,0
14Dec2021 15:00:00,0
14Dec2021 16:00:00,0
14Dec2021 17:00:00,0
14Dec2021 18:00:00,0
14Dec2021 19:00:00,0
14Dec2021 20:00:00,0
14Dec2021 21:00:00,0
14Dec2021 22:00:00,0
14Dec2021 23:00:00,0
15Dec2021 0:00:00,0
15Dec2021 1:00:00,0
15Dec2021 2:00:00,0
15Dec2021 3:00:00,0
15Dec2021 4:00:00,0
15Dec2021 5:00:00,0
15Dec2021 6:00:00,0
15Dec2021 7:00:00,0
15Dec2021 8:00:00,0
15Dec2021 9:00:00,0
15Dec2021 10:00:00,0
15Dec2021 11:00:00,0
15Dec2021 12:00:00,0
15Dec2021 13:00:00,0
15Dec2021 14:00:00,0
15Dec2021 15:00:00,0
15Dec2021 16:00:00,0
15Dec2021 17:00:00,0
15Dec2021 18:00:00,0
15Dec2021 19:00:00,0
15Dec2021 20:00:00,0
15Dec2021 21:00:00,0
15Dec2021 22:00:00,0
15Dec2021 23:00:00,0
16Dec2021 0:00:00,0
16Dec2021 1:00:00,0
16Dec2021 2:00:00,0
16Dec2021 3:00:00,0
16Dec2021 4:00:00,0
16Dec2021 5:00:00,0
16Dec2021 6:00:00,0
16Dec2021 7:00:00,0
16Dec2021 8:00:00,0
16Dec2021 9:00:00,0
16Dec2021 10:00:00,0
16Dec2021 11:00:00,0
16Dec2021 12:00:00,0
16Dec2021 13:00:00,0
16Dec2021 14:00:00,0
16Dec2021 15:00:00,0
16Dec2021 16:00:00,0
16Dec2021 17:00:00,0
16Dec2021 18:00:00,0
16Dec2021 19:00:00,0
16Dec2021 20:00:00,0
16Dec2021 21:00:00,0
16Dec2021 22:00:00,0
16Dec2021 23:00:00,0
17Dec2021 0:00:00,0
17Dec2021 1:00:00,0
17Dec2021 2:00:00,0
17Dec2021 3:00:00,0
17Dec2021 4:00:00,0
17Dec2021 5:00:00,0
17Dec2021 6:00:00,0
17Dec2021 7:00:00,0
17Dec2021 8:00:00,0
17Dec2021 9:00:00,0
17Dec2021 10:00:00,0
17Dec2021 11:00:00,0
17Dec2021 12:00:00,0
17Dec2021 13:00:00,0
17Dec2021 14:00:00,0
17Dec2021 15:00:00,0
17Dec2021 16:00:00,0
17Dec2021 17:00:00,0
17Dec2021 18:00:00,0
17Dec2021 19:00:00,0
17Dec2021 20:00:00,0
17Dec2021 21:00:00,0
17Dec2021 22:00:00,0
17Dec2021 23:00:00,0
18Dec2021 0:00:00,0
18Dec2021 1:00:00,0
18Dec2021 2:00:00,0
18Dec2021 3:00:00,0
18Dec2021 4:00:00,0
18Dec2021 5:00:00,0
18Dec2021 6:00:00,0
18Dec2021 7:00:00,0
18Dec2021 8:00:00,0
18Dec2021 9:00:00,0
18Dec2021 10:00:00,0
18Dec2021 11:00:00,0
18Dec2021 12:00:00,0
18Dec2021 13:00:00,0
18Dec2021 14:00:00,0
18Dec2021 15:00:00,0
18Dec2021 16:00:00,0
18Dec2021 17:00:00,0
18Dec2021 18:00:00,0
18Dec2021 19:00:00,0
18Dec2021 20:00:00,0
18Dec2021 21:00:00,0
18Dec2021 22:00:00,0
18Dec2021 23:00:00,0
19Dec2021 0:00:00,0
19Dec2021 1:00:00,0
19Dec2021 2:00:00,0
19Dec2021 3:00:00,0
19Dec2021 4:00:00,0
19Dec2021 5:00:00,0
19Dec2021 6:00:00,0
19Dec2021 7:00:00,0
19Dec2021 8:00:00,0
19Dec2021 9:00:00,0
19Dec2021 10:00:00,0
19Dec2021 11:00:00,0
19Dec2021 12:00:00,0
19Dec2021 13:00:00,0
19Dec2021 14:00:00,0
19Dec2021 15:00:00,0
19Dec2021 16:00:00,0
19Dec2021 17:00:00,0
19Dec2021 18:00:00,0
19Dec2021 19:00:00,0
19Dec2021 20:00:00,0
19Dec2021 21:00:00,0
19Dec2021 22:00:00,0
19Dec2021 23:00:00,0
20Dec2021 0:00:00,0
20Dec2021 1:00:00,0
20Dec2021 2:00:00,0
20Dec2021 3:00:00,0
20Dec2021 4:00:00,0
20Dec2021 5:00:00,0
20Dec2021 6:00:00,0
20Dec2021 7:00:00,0
20Dec2021 8:00:00,0
20Dec2021 9:00:00,0
20Dec2021 10:00:00,0
20Dec2021 11:00:00,0
20Dec2021 12:00:00,0
20Dec2021 13:00:00,0
20Dec2021 14:00:00,0
20Dec2021 15:00:00,0
20Dec2021 16:00:00,0
20Dec2021 17:00:00,0
20Dec2021 18:00:00,0
20Dec2021 19:00:00,0
20Dec2021 20:00:00,0
20Dec2021 21:00:00,0
20Dec2021 22:00:00,0
20Dec2021 23:00:00,0
21Dec2021 0:00:00,0
21Dec2021 1:00:00,0
21Dec2021 2:00:00,0
21Dec2021 3:00:00,0
21Dec2021 4:00:00,0
21Dec2021 5:00:00,0
21Dec2021 6:00:00,0
21Dec2021 7:00:00,0
21Dec2021 8:00:00,0
21Dec2021 9:00:00,0
21Dec2021 10:00:00,0
21Dec2021 11:00:00,0
21Dec2021 12:00:00,0
21Dec2021 13:00:00,0
21Dec2021 14:00:00,0
21Dec2021 15:00:00,0
21Dec2021 16:00:00,0
21Dec2021 17:00:00,0
21Dec2021 18:00:00,0
21Dec2021 19:00:00,0
21Dec2021 20:00:00,0
21Dec2021 21:00:00,0
21Dec2021 22:00:00,0
21Dec2021 23:00:00,0
22Dec2021 0:00:00,0
22Dec2021 1:00:00,0
22Dec2021 2:00:00,0
22Dec2021 3:00:00,0
22Dec2021 4:00:00,0
22Dec2021 5:00:00,0
22Dec2021 6:00:00,0
22Dec2021 7:00:00,0
22Dec2021 8:00:00,0
22Dec2021 9:00:00,0
22Dec2021 10:00:00,0
22Dec2021 11:00:00,0
22Dec2021 12:00:00,0
22Dec2021 13:00:00,0
22Dec2021 14:00:00,0
22Dec2021 15:00:00,0
22Dec2021 16:00:00,0
22Dec2021 17:00:00,0
22Dec2021 18:00:00,0
22Dec2021 19:00:00,0
22Dec2021 20:00:00,0
22Dec2021 21:00:00,0
22Dec2021 22:00:00,0
22Dec2021 23:00:00,0
23Dec2021 0:00:00,0
23Dec2021 1:00:00,0
23Dec2021 2:00:00,0
23Dec2021 3:00:00,0
23Dec2021 4:00:00,0
23Dec2021 5:00:00,0
23Dec2021 6:00:00,0
23Dec2021 7:00:00,0
23Dec2021 8:00:00,0
23Dec2021 9:00:00,0
23Dec2021 10:00:00,0
23Dec2021 11:00:00,0
23Dec2021 12:00:00,0
23Dec2021 13:00:00,0
23Dec2021 14:00:00,0
23Dec2021 15:00:00,0
23Dec2021 16:00:00,0
23Dec2021 17:00:00,0
23Dec2021 18:00:00,0
23Dec2021 19:00:00,0
23Dec2021 20:00:00,0
23Dec2021 21:00:00,0
23Dec2021 22:00:00,0
23Dec2021 23:00:00,0
24Dec2021 0:00:00,0
24Dec2021 1:00:00,0
24Dec2021 2:00:00,0
24Dec2021 3:00:00,0
24Dec2021 4:00:00,0
24Dec2021 5:00:00,0
24Dec2021 6:00:00,0
24Dec2021 7:00:00,0
24Dec2021 8:00:00,0
24Dec2021 9:00:00,0
24Dec2021 10:00:00,0
24Dec2021 11:00:00,0
24Dec2021 12:00:00,0
24Dec2021 13:00:00,0
24Dec2021 14:00:00,0
24Dec2021 15:00:00,0
24Dec2021 16:00:00,0
24Dec2021 17:00:00,0
24Dec2021 18:00:00,0
24Dec2021 19:00:00,0
24Dec2021 20:00:00,0
24Dec2021 21:00:00,0
24Dec2021 22:00:00,0
24Dec2021 23:00:00,0
25Dec2021 0:00:00,0
25Dec2021 1:00:00,0
25Dec2021 2:00:00,0
25Dec2021 3:00:00,0
25Dec2021 4:00:00,0
25Dec2021 5:00:00,0
25Dec2021 6:00:00,0
25Dec2021 7:00:00,0
25Dec2021 8:00:00,0
25Dec2021 9:00:00,0
25Dec2021 10:00:00,0
25Dec2021 11:00:00,0
25Dec2021 12:00:00,0
25Dec2021 13:00:00,0
25Dec2021 14:00:00,0
25Dec2021 15:00:00,0
25Dec2021 16:00:00,0
25Dec2021 17:00:00,0
25Dec2021 18:00:00,0
25Dec2021 19:00:00,0
25Dec2021 20:00:00,0
25Dec2021 21:00:00,0
25Dec2021 22:00:00,0
25Dec2021 23:00:00,0
26Dec2021 0:00:00,0
26Dec2021 1:00:00,0
26Dec2021 2:00:00,0
26Dec2021 3:00:00,0
26Dec2021 4:00:00,0
26Dec2021 5:00:00,0
26Dec2021 6:00:00,0
26Dec2021 7:00:00,0
26Dec2021 8:00:00,0
26Dec2021 9:00:00,0
26Dec2021 10:00:00,0
26Dec2021 11:00:00,0
26Dec2021 12:00:00,0
26Dec2021 13:00:00,0
26Dec2021 14:00:00,0
26Dec2021 15:00:00,0
26Dec2021 16:00:00,0
26Dec2021 17:00:00,0
26Dec2021 18:00:00,0
26Dec2021 19:00:00,0
26Dec2021 20:00:00,0
26Dec2021 21:00:00,0
26Dec2021 22:00:00,0
26Dec2021 23:00:00,0
27Dec2021 0:00:00,0
27Dec2021 1:00:00,0
27Dec2021 2:00:00,0
27Dec2021 3:00:00,0
27Dec2021 4:00:00,0
27Dec2021 5:00:00,0
27Dec2021 6:00:00,0
27Dec2021 7:00:00,0
27Dec2021 8:00:00,0
27Dec2021 9:00:00,0
27Dec2021 10:00:00,0
27Dec2021 11:00:00,0
27Dec2021 12:00:00,0
27Dec2021 13:00:00,0
27Dec2021 14:00:00,0
27Dec2021 15:00:00,0
27Dec2021 16:00:00,0
27Dec2021 17:00:00,0
27Dec2021 18:00:00,0
27Dec2021 19:00:00,0
27Dec2021 20:00:00,0
27Dec2021 21:00:00,0
27Dec2021 22:00:00,0
27Dec2021 23:00:00,0
28Dec2021 0:00:00,0
28Dec2021 1:00:00,0
28Dec2021 2:00:00,0
28Dec2021 3:00:00,0
28Dec2021 4:00:00,0
28Dec2021 5:00:00,0
28Dec2021 6:00:00,0
28Dec2021 7:00:00,0
28Dec2021 8:00:00,0
28Dec2021 9:00:00,0
28Dec2021 10:00:00,0
28Dec2021 11:00:00,0
28Dec2021 12:00:00,0
28Dec2021 13:00:00,0
28Dec2021 14:00:00,0
28Dec2021 15:00:00,0
28Dec2021 16:00:00,0
28Dec2021 17:00:00,0
28Dec2021 18:00:00,0
28Dec2021 19:00:00,0
28Dec2021 20:00:00,0
28Dec2021 21:00:00,0
28Dec2021 22:00:00,0
28Dec2021 23:00:00,0
29Dec2021 0:00:00,0
29Dec2021 1:00:00,0
29Dec2021 2:00:00,0
29Dec2021 3:00:00,0
29Dec2021 4:00:00,0
29Dec2021 5:00:00,0
29Dec2021 6:00:00,0
29Dec2021 7:00:00,0
29Dec2021 8:00:00,0
29Dec2021 9:00:00,0
29Dec2021 10:00:00,0
29Dec2021 11:00:00,0
29Dec2021 12:00:00,0
29Dec2021 13:00:00,0
29Dec2021 14:00:00,0
29Dec2021 15:00:00,0
29Dec2021 16:00:00,0
29Dec2021 17:00:00,0
29Dec2021 18:00:00,0
29Dec2021 19:00:00,0
29Dec2021 20:00:00,0
29Dec2021 21:00:00,0
29Dec2021 22:00:00,0
29Dec2021 23:00:00,0
30Dec2021 0:00:00,0
30Dec2021 1:00:00,0
30Dec2021 2:00:00,0
30Dec2021 3:00:00,0
30Dec2021 4:00:00,0
30Dec2021 5:00:00,0
30Dec2021 6:00:00,0
30Dec2021 7:00:00,0
30Dec2021 8:00:00,0
30Dec2021 9:00:00,0
30Dec2021 10:00:00,0
30Dec2021 11:00:00,0
30Dec2021 12:00:00,0
30Dec2021 13:00:00,0
30Dec2021 14:00:00,0
30Dec2021 15:00:00,0
30Dec2021 16:00:00,0
30Dec2021 17:00:00,0
30Dec2021 18:00:00,0
30Dec2021 19:00:00,0
30Dec2021 20:00:00,0
30Dec2021 21:00:00,0
30Dec2021 22:00:00,0
30Dec2021 23:00:00,0
31Dec2021 0:00:00,0
31Dec2021 1:00:00,0
31Dec2021 2:00:00,0
31Dec2021 3:00:00,0
31Dec2021 4:00:00,0
31Dec2021 5:00:00,0
31Dec2021 6:00:00,0
31Dec2021 7:00:00,0
31Dec2021 8:00:00,0
31Dec2021 9:00:00,0
31Dec2021 10:00:00,0
31Dec2021 11:00:00,0
31Dec2021 12:00:00,0
31Dec2021 13:00:00,0
31Dec2021 14:00:00,0
31Dec2021 15:00:00,0
31Dec2021 16:00:00,0
31Dec2021 17:00:00,0
31Dec2021 18:00:00,0
31Dec2021 19:00:00,0
31Dec2021 20:00:00,0
31Dec2021 21:00:00,0
31Dec2021 22:00:00,0
31Dec2021 23:00:00,0